{"train/step": 1, "train/render": 0.09470738470554352, "train/render_fine": 0.09899094700813293, "train/all": 0.19369833171367645, "train/lr": 0.0005, "train/lr_pose": 0.001, "_runtime": 14, "_timestamp": 1645688297, "_step": 0}