{"train/step": 1, "train/render": 0.20154103636741638, "train/render_fine": 0.2560836970806122, "train/all": 0.45762473344802856, "train/lr": 0.0005, "train/lr_pose": 0.001, "_runtime": 34, "_timestamp": 1645695827, "_step": 1, "RGB Image": [{"_type": "histogram", "values": [194387, 724, 0, 14, 523, 2937, 8449, 15617, 20364, 19995, 14592, 7924, 3446, 975, 541, 1706, 5323, 11882, 19460, 23441, 20795, 16860, 15872, 18163, 19194, 16216, 11247, 6118, 2401, 711, 115, 8], "bins": [0.0, 0.027982549741864204, 0.05596509948372841, 0.08394765108823776, 0.11193019896745682, 0.13991275429725647, 0.16789530217647552, 0.19587785005569458, 0.22386039793491364, 0.2518429458141327, 0.27982550859451294, 0.3078080415725708, 0.33579060435295105, 0.3637731373310089, 0.39175570011138916, 0.419738233089447, 0.44772079586982727, 0.4757033586502075, 0.5036858916282654, 0.5316684246063232, 0.5596510171890259, 0.5876335501670837, 0.6156160831451416, 0.6435986161231995, 0.6715812087059021, 0.69956374168396, 0.7275462746620178, 0.7555288672447205, 0.7835114002227783, 0.8114939332008362, 0.839476466178894, 0.8674590587615967, 0.8954415917396545]}, {"_type": "histogram", "values": [194439, 708, 0, 15, 518, 2899, 8451, 15588, 20330, 20015, 14614, 7943, 3469, 984, 533, 1690, 5289, 11821, 19406, 23425, 20812, 16883, 15872, 18035, 19242, 16286, 11271, 6186, 2428, 718, 121, 9], "bins": [0.0, 0.027971334755420685, 0.05594266951084137, 0.08391400426626205, 0.11188533902168274, 0.13985666632652283, 0.1678280085325241, 0.1957993507385254, 0.22377067804336548, 0.25174200534820557, 0.27971333265304565, 0.30768468976020813, 0.3356560170650482, 0.3636273443698883, 0.3915987014770508, 0.41957002878189087, 0.44754135608673096, 0.47551268339157104, 0.5034840106964111, 0.5314553380012512, 0.5594266653060913, 0.5873980522155762, 0.6153693795204163, 0.6433407068252563, 0.6713120341300964, 0.6992833614349365, 0.7272546887397766, 0.7552260160446167, 0.7831974029541016, 0.8111687302589417, 0.8391400575637817, 0.8671113848686218, 0.8950827121734619]}, {"_type": "histogram", "values": [194376, 709, 2, 14, 511, 2893, 8386, 15510, 20313, 20021, 14668, 8021, 3507, 995, 540, 1641, 5234, 11627, 19216, 23422, 20881, 16963, 15827, 18038, 19119, 16465, 11368, 6347, 2498, 750, 129, 9], "bins": [0.0, 0.02794172801077366, 0.05588345602154732, 0.08382518589496613, 0.11176691204309464, 0.13970863819122314, 0.16765037178993225, 0.19559209048748016, 0.22353382408618927, 0.2514755427837372, 0.2794172763824463, 0.3073590099811554, 0.3353007435798645, 0.3632424771785736, 0.3911841809749603, 0.41912591457366943, 0.44706764817237854, 0.47500938177108765, 0.5029510855674744, 0.5308928489685059, 0.5588345527648926, 0.5867763161659241, 0.6147180199623108, 0.6426597237586975, 0.670601487159729, 0.6985431909561157, 0.7264849543571472, 0.7544266581535339, 0.7823683619499207, 0.8103101253509521, 0.8382518291473389, 0.8661935925483704, 0.8941352963447571]}]}