{"train/step": 1, "train/render": 0.22192220389842987, "train/render_fine": 0.25633272528648376, "train/all": 0.47825491428375244, "train/lr": 0.0005, "train/lr_pose": 0.001, "_runtime": 8, "_timestamp": 1645689220, "_step": 0}